{"cameraMode":{"drawMode":0,"name":"Shaded","section":"Shading Mode"},"sceneLighting":true,"audioPlay":false,"sceneViewState":{"m_AlwaysRefresh":false,"showFog":true,"showSkybox":true,"showFlares":true,"showImageEffects":true,"showParticleSystems":true,"showVisualEffectGraphs":true,"m_FxEnabled":true},"in2DMode":false,"pivot":{"x":124.15483093261719,"y":147.87069702148438,"z":85.23712158203125},"rotation":{"x":-0.08723298460245133,"y":0.35078078508377077,"z":0.03109409287571907,"w":0.9322267770767212},"size":139.23716735839845,"orthographic":false}