{"cameraMode":{"drawMode":0,"name":"Shaded","section":"Shading Mode"},"sceneLighting":false,"audioPlay":false,"sceneViewState":{"m_AlwaysRefresh":false,"showFog":true,"showSkybox":false,"showFlares":true,"showImageEffects":true,"showParticleSystems":true,"showVisualEffectGraphs":true,"m_FxEnabled":true},"in2DMode":false,"pivot":{"x":34.413719177246097,"y":-27.963863372802736,"z":-11.73630428314209},"rotation":{"x":-0.03428170830011368,"y":0.9547519087791443,"z":-0.27068987488746645,"w":-0.11973804235458374},"size":0.8660253882408142,"orthographic":false}